,0,1
0,Rio,LOCATION
1,de,LOCATION
2,Janeiro,LOCATION
3,Panvel,LOCATION
4,India,LOCATION
5,Paris,LOCATION
6,London,LOCATION
7,Wisconsin,LOCATION
8,USA,LOCATION
9,United,LOCATION
10,States,LOCATION
11,Antarctica,LOCATION
12,Hague,LOCATION
13,The,LOCATION
14,Netherlands,LOCATION
15,Lahore,LOCATION
16,Guthrie,LOCATION
17,Castle,LOCATION
18,Scotland,LOCATION
19,UK,LOCATION
20,Toronto,LOCATION
21,Canada,LOCATION
22,Larne,LOCATION
23,County,LOCATION
24,Antrim,LOCATION
25,California,LOCATION
26,Hollywood,LOCATION
27,Los,LOCATION
28,Angeles,LOCATION
29,Charleston,LOCATION
30,South,LOCATION
31,Carolina,LOCATION
32,Nebraska,LOCATION
33,USA,LOCATION
34,Guanta,LOCATION
35,Venezuela,LOCATION
36,Bridgewater,LOCATION
37,United,LOCATION
38,States,LOCATION
39,Essex,LOCATION
40,UK,LOCATION
41,Liverpool,LOCATION
42,England,LOCATION
43,England,LOCATION
44,United,LOCATION
45,Kingdom,LOCATION
46,Bahia,LOCATION
47,Brasil,LOCATION
48,London,LOCATION
49,Trivandrum,LOCATION
50,India,LOCATION
51,Colombia,LOCATION
52,Alabama,LOCATION
53,Albuquerque,LOCATION
54,Ottawa,LOCATION
55,Canada,LOCATION
56,Vancouver,LOCATION
57,British,LOCATION
58,Columbia,LOCATION
59,London,LOCATION
60,England,LOCATION
61,Hamburg,LOCATION
62,Deutschland,LOCATION
63,Yaracuy,LOCATION
64,Venezuela,LOCATION
65,Georgia,LOCATION
66,USA,LOCATION
67,Leeds,LOCATION
68,England,LOCATION
69,São,LOCATION
70,Paulo,LOCATION
71,Indiana,LOCATION
72,USA,LOCATION
73,Dorset,LOCATION
74,America,LOCATION
75,New,LOCATION
76,York,LOCATION
77,NY,LOCATION
78,Paris,LOCATION
79,France,LOCATION
80,Hermosa,LOCATION
81,Beach,LOCATION
82,CA,LOCATION
83,Kansas,LOCATION
84,City,LOCATION
85,Penticton,LOCATION
86,Houston,LOCATION
87,Mombasa,LOCATION
88,Kenya,LOCATION
89,London,LOCATION
90,Amsterdam,LOCATION
91,Nederland,LOCATION
92,Battle,LOCATION
93,Ground,LOCATION
94,State,LOCATION
95,USA,LOCATION
96,United,LOCATION
97,States,LOCATION
98,East,LOCATION
99,Godavari,LOCATION
100,Hyderabad,LOCATION
101,South,LOCATION
102,America,LOCATION
103,London,LOCATION
104,Keremeos,LOCATION
105,British,LOCATION
106,Columbia,LOCATION
107,Ghana,LOCATION
108,West,LOCATION
109,Africa,LOCATION
110,New,LOCATION
111,England,LOCATION
112,USA,LOCATION
113,Fantino,LOCATION
114,Dominican,LOCATION
115,Republic,LOCATION
116,Venezuela,LOCATION
117,Buenos,LOCATION
118,Aires,LOCATION
119,Pittsburgh,LOCATION
120,Pa,LOCATION
121,New,LOCATION
122,York,LOCATION
123,USA,LOCATION
124,Canada,LOCATION
125,United,LOCATION
126,States,LOCATION
127,Hyderabad,LOCATION
128,India,LOCATION
129,America,LOCATION
130,Dubai,LOCATION
131,Paris,LOCATION
132,France,LOCATION
133,United,LOCATION
134,States,LOCATION
135,Cali,LOCATION
136,Colombia,LOCATION
137,Cornwall,LOCATION
138,UK,LOCATION
139,Madrid,LOCATION
140,Spain,LOCATION
141,United,LOCATION
142,Kingdom,LOCATION
143,Canada,LOCATION
144,USA,LOCATION
145,San,LOCATION
146,Marcos,LOCATION
147,TX,LOCATION
148,Bolivia,LOCATION
149,Manchester,LOCATION
150,UK,LOCATION
151,Pacifica,LOCATION
152,Arizona,LOCATION
153,Toulouse,LOCATION
154,Amsterdam,LOCATION
155,Indiana,LOCATION
156,USA,LOCATION
157,London,LOCATION
158,England,LOCATION
159,Elmira,LOCATION
160,Santiago,LOCATION
161,Dominican,LOCATION
162,Republic,LOCATION
163,Stratford,LOCATION
164,Connecticut,LOCATION
165,UK,LOCATION
166,Connecticut,LOCATION
167,USA,LOCATION
168,USA,LOCATION
169,Las,LOCATION
170,Condes,LOCATION
171,Chile,LOCATION
172,Shreveport,LOCATION
173,LA,LOCATION
174,Bahia,LOCATION
175,Brasil,LOCATION
176,Stratford,LOCATION
177,Connecticut,LOCATION
178,Missouri,LOCATION
179,United,LOCATION
180,States,LOCATION
181,Long,LOCATION
182,Beach,LOCATION
183,Gotham,LOCATION
184,USA,LOCATION
185,Canada,LOCATION
186,Bay,LOCATION
187,Area,LOCATION
188,California,LOCATION
189,Los,LOCATION
190,Angeles,LOCATION
191,California,LOCATION
192,USA,LOCATION
193,Louisville,LOCATION
194,KY,LOCATION
195,US,LOCATION
196,Philadelphia,LOCATION
197,Tennessee,LOCATION
198,USA,LOCATION
199,Mumbai,LOCATION
200,Palm,LOCATION
201,Springs,LOCATION
202,CA,LOCATION
203,Hawaii,LOCATION
204,USA,LOCATION
205,Bogotá,LOCATION
206,DC,LOCATION
207,Colombia,LOCATION
208,United,LOCATION
209,States,LOCATION
210,Houston,LOCATION
211,TX,LOCATION
212,Florida,LOCATION
213,Nigeria,LOCATION
214,Winnipeg,LOCATION
215,Manitoba,LOCATION
216,Prague,LOCATION
217,Minnesota,LOCATION
218,USA,LOCATION
219,United,LOCATION
220,Kingdom,LOCATION
221,Abilene,LOCATION
222,TX,LOCATION
223,Kentucky,LOCATION
224,USA,LOCATION
225,Hawaii,LOCATION
226,USA,LOCATION
227,Michigan,LOCATION
228,USA,LOCATION
229,Windhoek,LOCATION
230,São,LOCATION
231,Paulo,LOCATION
232,Brasil,LOCATION
233,Texas,LOCATION
234,USA,LOCATION
235,Mecklenburg,LOCATION
236,County,LOCATION
237,NC,LOCATION
238,United,LOCATION
239,States,LOCATION
240,Folkestone,LOCATION
241,England,LOCATION
242,Luton,LOCATION
243,Great,LOCATION
244,Britain,LOCATION
245,Texas,LOCATION
246,USA,LOCATION
247,Montevideo,LOCATION
248,Uruguay,LOCATION
249,Berlin,LOCATION
250,Deutschland,LOCATION
251,United,LOCATION
252,States,LOCATION
253,Seattle,LOCATION
254,Nevada,LOCATION
255,USA,LOCATION
256,Arkansas,LOCATION
257,Madrid,LOCATION
258,United,LOCATION
259,Kingdom,LOCATION
260,UK,LOCATION
261,San,LOCATION
262,Francisco,LOCATION
263,San,LOCATION
264,Francisco,LOCATION
265,CA,LOCATION
266,India,LOCATION
267,Bogotá,LOCATION
268,DC,LOCATION
269,Colombia,LOCATION
270,Europe,LOCATION
271,London,LOCATION
272,UK,LOCATION
273,Los,LOCATION
274,Angeles,LOCATION
275,California,LOCATION
276,USA,LOCATION
277,Texas,LOCATION
278,USA,LOCATION
279,Dallas,LOCATION
280,United,LOCATION
281,States,LOCATION
282,Snellville,LOCATION
283,Amsterdam,LOCATION
284,Netherlands,LOCATION
285,Irapuato,LOCATION
286,Guanajuato,LOCATION
287,New,LOCATION
288,Jersey,LOCATION
289,USA,LOCATION
290,Woodland,LOCATION
291,Hills,LOCATION
292,CA,LOCATION
293,England,LOCATION
294,United,LOCATION
295,States,LOCATION
296,North,LOCATION
297,Carolina,LOCATION
298,Santa,LOCATION
299,Cruz,LOCATION
300,Bolivia,LOCATION
301,United,LOCATION
302,States,LOCATION
303,Iowa,LOCATION
304,Bulandshahr,LOCATION
305,India,LOCATION
306,Scotland,LOCATION
307,Melbourne,LOCATION
308,Victoria,LOCATION
309,Australia,LOCATION
310,Lisbon,LOCATION
311,Portugal,LOCATION
312,Europe,LOCATION
313,New,LOCATION
314,Rochelle,LOCATION
315,NY,LOCATION
316,Los,LOCATION
317,Angeles,LOCATION
318,CA,LOCATION
319,Venezuela,LOCATION
320,Colombia,LOCATION
321,Miami,LOCATION
322,Santa,LOCATION
323,Fe,LOCATION
324,Coconino,LOCATION
325,County,LOCATION
326,Arizona,LOCATION
327,Vancouver,LOCATION
328,British,LOCATION
329,Columbia,LOCATION
330,USA,LOCATION
331,Florida,LOCATION
332,USA,LOCATION
333,New,LOCATION
334,York,LOCATION
335,NY,LOCATION
336,Lagos,LOCATION
337,Nigeria,LOCATION
338,Chile,LOCATION
339,Cape,LOCATION
340,Town,LOCATION
341,South,LOCATION
342,Africa,LOCATION
343,Dallas,LOCATION
344,Cardiff,LOCATION
345,Wales,LOCATION
346,Wales,LOCATION
347,United,LOCATION
348,States,LOCATION
349,Tallahassee,LOCATION
350,Washington,LOCATION
351,DC,LOCATION
352,Nevada,LOCATION
353,USA,LOCATION
354,San,LOCATION
355,Antonio,LOCATION
356,TX,LOCATION
357,Lantana,LOCATION
358,TX,LOCATION
359,Ohio,LOCATION
360,Wisconsin,LOCATION
361,USA,LOCATION
362,Glasgow,LOCATION
363,Scotland,LOCATION
364,Liverpool,LOCATION
365,UK,LOCATION
366,Georgia,LOCATION
367,USA,LOCATION
368,New,LOCATION
369,England,LOCATION
370,Madrid,LOCATION
371,Comunidad,LOCATION
372,de,LOCATION
373,Madrid,LOCATION
374,South,LOCATION
375,Texas,LOCATION
376,London,LOCATION
377,West,LOCATION
378,England,LOCATION
379,San,LOCATION
380,Diego,LOCATION
381,CA,LOCATION
382,Michigan,LOCATION
383,USA,LOCATION
384,Mexico,LOCATION
385,Netherlands,LOCATION
386,Milwaukee,LOCATION
387,County,LOCATION
388,Wisconsin,LOCATION
389,Cordoba,LOCATION
390,Argentina,LOCATION
391,Dubai,LOCATION
392,United,LOCATION
393,Arab,LOCATION
394,Emirates,LOCATION
395,Phoenix,LOCATION
396,LOS,LOCATION
397,KANO,LOCATION
398,Missouri,LOCATION
399,USA,LOCATION
400,Colombia,LOCATION
401,San,LOCATION
402,Francisco,LOCATION
403,CA,LOCATION
404,Brazil,LOCATION
405,London,LOCATION
406,Johannesburg,LOCATION
407,South,LOCATION
408,Africa,LOCATION
409,South,LOCATION
410,Africa,LOCATION
411,Argentina,LOCATION
412,Washington,LOCATION
413,DC,LOCATION
414,Edmonton,LOCATION
415,Alberta,LOCATION
416,US,LOCATION
417,Minneapolis,LOCATION
418,Burlington,LOCATION
419,New,LOCATION
420,York,LOCATION
421,NY,LOCATION
422,West,LOCATION
423,Columbia,LOCATION
424,Ongole,LOCATION
425,India,LOCATION
426,Solihull,LOCATION
427,West,LOCATION
428,Midlands,LOCATION
429,Delhi,LOCATION
430,Pennsylvania,LOCATION
431,USA,LOCATION
432,Germany,LOCATION
433,Brooklyn,LOCATION
434,NY,LOCATION
435,Louisiana,LOCATION
436,USA,LOCATION
437,Florida,LOCATION
438,USA,LOCATION
439,North,LOCATION
440,America,LOCATION
441,USA,LOCATION
442,Illinois,LOCATION
443,Dekalb,LOCATION
444,County,LOCATION
445,Ahmedabad,LOCATION
446,India,LOCATION
447,Wokingham,LOCATION
448,St,LOCATION
449,Louis,LOCATION
450,Wisconsin,LOCATION
451,USA,LOCATION
452,Los,LOCATION
453,Angeles,LOCATION
454,CA,LOCATION
455,United,LOCATION
456,States,LOCATION
457,Simpsonville,LOCATION
458,São,LOCATION
459,Paulo,LOCATION
460,Brasil,LOCATION
461,Chicago,LOCATION
462,Vale,LOCATION
463,Wales,LOCATION
464,Tokachi,LOCATION
465,Hokkaido,LOCATION
466,Japan,LOCATION
467,Oregon,LOCATION
468,USA,LOCATION
469,Bogotá,LOCATION
470,DC,LOCATION
471,Colombia,LOCATION
472,Argentina,LOCATION
473,America,LOCATION
474,Lima,LOCATION
475,Edinburgh,LOCATION
476,Florida,LOCATION
477,USA,LOCATION
478,Toronto,LOCATION
479,Maryland,LOCATION
480,USA,LOCATION
481,Atlanta,LOCATION
482,Tallahassee,LOCATION
483,Glasgow,LOCATION
484,Haslemere,LOCATION
485,Surrey,LOCATION
486,Alsace,LOCATION
487,France,LOCATION
488,Texas,LOCATION
489,New,LOCATION
490,York,LOCATION
491,NY,LOCATION
492,Buenos,LOCATION
493,Aires,LOCATION
494,Spirit,LOCATION
495,Lake,LOCATION
496,Iowa,LOCATION
497,Berkeley,LOCATION
498,California,LOCATION
499,Glasgow,LOCATION
500,Scotland,LOCATION
501,Kinshasa,LOCATION
502,Chile,LOCATION
503,Brooklyn,LOCATION
504,NY,LOCATION
505,United,LOCATION
506,States,LOCATION
507,Houston,LOCATION
508,TX,LOCATION
509,Accra,LOCATION
510,Ghana,LOCATION
511,India,LOCATION
512,Houston,LOCATION
513,Texas,LOCATION
514,São,LOCATION
515,Paulo,LOCATION
516,Montevideo,LOCATION
517,Uruguay,LOCATION
518,Tennessee,LOCATION
519,USA,LOCATION
520,Curitiba,LOCATION
521,Brasil,LOCATION
522,Wyoming,LOCATION
523,USA,LOCATION
524,Ohio,LOCATION
525,USA,LOCATION
526,Colorado,LOCATION
527,USA,LOCATION
528,Georgia,LOCATION
529,USA,LOCATION
530,Phoenix,LOCATION
531,Ariz,LOCATION
532,North,LOCATION
533,Carolina,LOCATION
534,USA,LOCATION
535,New,LOCATION
536,York,LOCATION
537,USA,LOCATION
538,Abilene,LOCATION
539,TX,LOCATION
540,Bratislava,LOCATION
541,Slovakia,LOCATION
542,Guatemala,LOCATION
543,Richmond,LOCATION
544,VA,LOCATION
545,Washington,LOCATION
546,DC,LOCATION
547,London,LOCATION
548,San,LOCATION
549,Diego,LOCATION
550,CA,LOCATION
551,California,LOCATION
552,Massachusetts,LOCATION
553,USA,LOCATION
554,Florida,LOCATION
555,USA,LOCATION
556,Florida,LOCATION
557,Beach,LOCATION
558,Ontario,LOCATION
559,Canada,LOCATION
560,London,LOCATION
561,Toronto,LOCATION
562,Missoula,LOCATION
563,Phoenix,LOCATION
564,Netherlands,LOCATION
565,Paris,LOCATION
566,Buenos,LOCATION
567,Aires,LOCATION
568,Argentina,LOCATION
569,Pembroke,LOCATION
570,Pines,LOCATION
571,South,LOCATION
572,Bend,LOCATION
573,Indiana,LOCATION
574,California,LOCATION
575,USA,LOCATION
576,Pennsylvania,LOCATION
577,USA,LOCATION
578,Texas,LOCATION
579,USA,LOCATION
580,Manchester,LOCATION
581,England,LOCATION
582,Enugu,LOCATION
583,Nigeria,LOCATION
584,Florida,LOCATION
585,Detroit,LOCATION
586,Lagos,LOCATION
587,Nigeria,LOCATION
588,Washington,LOCATION
589,DC,LOCATION
590,Colorado,LOCATION
591,USA,LOCATION
592,Colombes,LOCATION
593,France,LOCATION
594,Washington,LOCATION
595,DC,LOCATION
596,Metro,LOCATION
597,Area,LOCATION
598,Ohio,LOCATION
599,USA,LOCATION
600,United,LOCATION
601,States,LOCATION
602,USA,LOCATION
603,United,LOCATION
604,States,LOCATION
605,USA,LOCATION
606,Bucaramanga,LOCATION
607,Colombia,LOCATION
608,Canada,LOCATION
609,Philadelphia,LOCATION
610,Florida,LOCATION
611,USA,LOCATION
612,Lost,LOCATION
613,City,LOCATION
614,Atlanta,LOCATION
615,Boston,LOCATION
616,Tampa,LOCATION
617,London,LOCATION
618,England,LOCATION
619,Arlington,LOCATION
620,VA,LOCATION
621,New,LOCATION
622,Jersey,LOCATION
623,USA,LOCATION
624,Fairfax,LOCATION
625,San,LOCATION
626,Francisco,LOCATION
627,CA,LOCATION
628,Nîmes,LOCATION
629,France,LOCATION
630,Colombia,LOCATION
631,West,LOCATION
632,Midlands,LOCATION
633,England,LOCATION
634,Crawfordsville,LOCATION
635,Philadelphia,LOCATION
636,California,LOCATION
637,North,LOCATION
638,East,LOCATION
639,England,LOCATION
640,Massachusetts,LOCATION
641,USA,LOCATION
642,Rwanda,LOCATION
643,Africa,LOCATION
644,Africa,LOCATION
645,Florida,LOCATION
646,Canada,LOCATION
647,West,LOCATION
648,Palm,LOCATION
649,Beach,LOCATION
650,Oklahoma,LOCATION
651,Texas,LOCATION
652,USA,LOCATION
653,Atlanta,LOCATION
654,Scotland,LOCATION
655,United,LOCATION
656,States,LOCATION
657,Abuja,LOCATION
658,Lille,LOCATION
659,France,LOCATION
660,Leicester,LOCATION
661,England,LOCATION
662,Nellore,LOCATION
663,India,LOCATION
664,Ottawa,LOCATION
665,USA,LOCATION
666,Connecticut,LOCATION
667,USA,LOCATION
668,Birmingham,LOCATION
669,Missouri,LOCATION
670,USA,LOCATION
671,Montana,LOCATION
672,Chile,LOCATION
673,Washington,LOCATION
674,DC,LOCATION
675,Evreux,LOCATION
676,Badgam,LOCATION
677,Jammu,LOCATION
678,And,LOCATION
679,Kashmir,LOCATION
680,Garland,LOCATION
681,TX,LOCATION
682,Hialeah,LOCATION
683,Trivandrum,LOCATION
684,India,LOCATION
685,Kaduna,LOCATION
686,Nigeria,LOCATION
687,Portland,LOCATION
688,Vancouver,LOCATION
689,Arizona,LOCATION
690,UK,LOCATION
691,Georgia,LOCATION
692,USA,LOCATION
693,Birmingham,LOCATION
694,Pennsylvania,LOCATION
695,Boise,LOCATION
696,New,LOCATION
697,York,LOCATION
698,City,LOCATION
699,Worldwide,LOCATION
700,Florida,LOCATION
701,USA,LOCATION
702,Canada,LOCATION
703,Westerville,LOCATION
704,OH,LOCATION
705,Gotham,LOCATION
706,City,LOCATION
707,Miami,LOCATION
708,Switzerland,LOCATION
709,Venice,LOCATION
710,Beach,LOCATION
711,CA,LOCATION
712,Mississippi,LOCATION
713,USA,LOCATION
714,Las,LOCATION
715,Vegas,LOCATION
716,Nevada,LOCATION
717,Springfield,LOCATION
718,OH,LOCATION
719,Dominican,LOCATION
720,Republic,LOCATION
721,Rio,LOCATION
722,de,LOCATION
723,Janeiro,LOCATION
724,Brasil,LOCATION
725,Seattle,LOCATION
726,New,LOCATION
727,York,LOCATION
728,USA,LOCATION
729,Manchester,LOCATION
730,England,LOCATION
731,Lytham,LOCATION
732,St,LOCATION
733,Annes,LOCATION
734,England,LOCATION
735,Alabama,LOCATION
736,USA,LOCATION
737,Fort,LOCATION
738,Worth,LOCATION
739,TX,LOCATION
740,London,LOCATION
741,England,LOCATION
742,East,LOCATION
743,Texas,LOCATION
744,Toronto,LOCATION
745,Canada,LOCATION
746,Wales,LOCATION
747,United,LOCATION
748,Kingdom,LOCATION
749,USA,LOCATION
750,Europe,LOCATION
751,Atlanta,LOCATION
752,Indianapolis,LOCATION
753,New,LOCATION
754,York,LOCATION
755,City,LOCATION
756,TURKEYNorth,LOCATION
757,Aegean,LOCATION
758,Sea,LOCATION
759,Liverpool,LOCATION
760,UK,LOCATION
761,Washington,LOCATION
762,USA,LOCATION
763,UK,LOCATION
764,Pennsylvania,LOCATION
765,USA,LOCATION
766,Europe,LOCATION
767,Canada,LOCATION
768,Florida,LOCATION
769,USA,LOCATION
770,Chicago,LOCATION
771,Wilhelmshaven,LOCATION
772,Istanbul,LOCATION
773,Turkey,LOCATION
774,India,LOCATION
775,UAE,LOCATION
776,Kuwait,LOCATION
777,Qatar,LOCATION
778,California,LOCATION
779,USA,LOCATION
780,Boston,LOCATION
781,New,LOCATION
782,Orleans,LOCATION
783,LA,LOCATION
784,United,LOCATION
785,Kingdom,LOCATION
786,São,LOCATION
787,Paulo,LOCATION
788,Brasil,LOCATION
789,London,LOCATION
790,England,LOCATION
791,Tokyo,LOCATION
792,Nairobi,LOCATION
793,Devizes,LOCATION
794,England,LOCATION
795,England,LOCATION
796,United,LOCATION
797,Kingdom,LOCATION
798,Michigan,LOCATION
799,USA,LOCATION
800,Alabama,LOCATION
801,Philadelphia,LOCATION
802,Detroit,LOCATION
803,VERAGUAS,LOCATION
804,PANAMÁ,LOCATION
805,United,LOCATION
806,States,LOCATION
807,America,LOCATION
808,USA,LOCATION
809,France,LOCATION
810,Lagos,LOCATION
811,Nigeria,LOCATION
812,San,LOCATION
813,Jose,LOCATION
814,CA,LOCATION
815,USA,LOCATION
816,Chemnitz,LOCATION
817,Germany,LOCATION
818,Connecticut,LOCATION
819,USA,LOCATION
820,Seattle,LOCATION
821,WA,LOCATION
822,Nigeria,LOCATION
823,New,LOCATION
824,York,LOCATION
825,NY,LOCATION
826,Las,LOCATION
827,Vegas,LOCATION
828,Arkansas,LOCATION
829,USA,LOCATION
830,United,LOCATION
831,States,LOCATION
832,Bloemfontein,LOCATION
833,South,LOCATION
834,Africa,LOCATION
835,San,LOCATION
836,Diego,LOCATION
837,California,LOCATION
838,USA,LOCATION
839,Nova,LOCATION
840,Scotia,LOCATION
841,Brooklyn,LOCATION
842,NY,LOCATION
843,Illinois,LOCATION
844,USA,LOCATION
845,Texas,LOCATION
846,USA,LOCATION
847,Lebanon,LOCATION
848,Small,LOCATION
849,Town,LOCATION
850,America,LOCATION
851,New,LOCATION
852,York,LOCATION
853,USA,LOCATION
854,Bettiah,LOCATION
855,India,LOCATION
856,Edinburgh,LOCATION
857,India,LOCATION
858,Birmingham,LOCATION
859,England,LOCATION
860,The,LOCATION
861,United,LOCATION
862,Kingdom,LOCATION
863,Texas,LOCATION
864,USA,LOCATION
865,Boston,LOCATION
866,NY,LOCATION
867,Puerto,LOCATION
868,Rico,LOCATION
869,Lagos,LOCATION
870,Nigeria,LOCATION
871,Texas,LOCATION
872,USA,LOCATION
873,Texas,LOCATION
874,USA,LOCATION
875,United,LOCATION
876,States,LOCATION
877,America,LOCATION
878,Cumbria,LOCATION
879,England,LOCATION
880,United,LOCATION
881,States,LOCATION
882,Viseu,LOCATION
883,Portugal,LOCATION
884,USA,LOCATION
885,Iowa,LOCATION
886,USA,LOCATION
887,Taunton,LOCATION
888,UK,LOCATION
889,Rio,LOCATION
890,de,LOCATION
891,Janeiro,LOCATION
892,Brasil,LOCATION
893,Indonesia,LOCATION
894,Portland,LOCATION
895,OR,LOCATION
896,Bloomington,LOCATION
897,Venezuela,LOCATION
898,Estado,LOCATION
899,Zulia,LOCATION
900,East,LOCATION
901,Gwillimbury,LOCATION
902,Ontario,LOCATION
903,Miami,LOCATION
904,United,LOCATION
905,States,LOCATION
906,Trinidad,LOCATION
907,Atlanta,LOCATION
908,California,LOCATION
909,Bethesda,LOCATION
910,Maryland,LOCATION
911,Akron,LOCATION
912,OH,LOCATION
913,USA,LOCATION
914,Canada,LOCATION
915,London,LOCATION
916,Nicosia,LOCATION
917,Kraków,LOCATION
918,Poland,LOCATION
919,London,LOCATION
920,England,LOCATION
921,Lagos,LOCATION
922,Nigeria,LOCATION
923,Chicago,LOCATION
924,Michigan,LOCATION
925,Florida,LOCATION
926,USA,LOCATION
927,Virginia,LOCATION
928,Beach,LOCATION
929,VA,LOCATION
930,Nueva,LOCATION
931,York,LOCATION
932,USA,LOCATION
933,Newtown,LOCATION
934,California,LOCATION
935,Ottawa,LOCATION
936,Ontario,LOCATION
937,Rotterdam,LOCATION
938,Hamilton,LOCATION
939,Ontario,LOCATION
940,London,LOCATION
941,England,LOCATION
942,Tirana,LOCATION
943,Albania,LOCATION
944,Ilkeston,LOCATION
945,Derbyshire,LOCATION
946,England,LOCATION
947,Nigeria,LOCATION
948,Middlesbrough,LOCATION
949,England,LOCATION
950,Los,LOCATION
951,Angeles,LOCATION
952,California,LOCATION
953,Washington,LOCATION
954,DC,LOCATION
955,Texas,LOCATION
956,London,LOCATION
957,England,LOCATION
958,Nashville,LOCATION
959,United,LOCATION
960,States,LOCATION
961,Virginia,LOCATION
962,USA,LOCATION
963,México,LOCATION
964,Argentina,LOCATION
965,Ankara,LOCATION
966,Montana,LOCATION
967,USA,LOCATION
968,Oregon,LOCATION
969,Ontario,LOCATION
970,Canada,LOCATION
971,Oregon,LOCATION
972,USA,LOCATION
973,Kansas,LOCATION
974,City,LOCATION
975,New,LOCATION
976,Jersey,LOCATION
977,USA,LOCATION
978,Namibia,LOCATION
979,Leipzig,LOCATION
980,Deutschland,LOCATION
981,Buenos,LOCATION
982,Aires,LOCATION
983,Alberta,LOCATION
984,Los,LOCATION
985,Angeles,LOCATION
986,CA,LOCATION
987,Maine,LOCATION
988,United,LOCATION
989,States,LOCATION
990,Argentina,LOCATION
991,India,LOCATION
992,Delhi,LOCATION
993,PARIS,LOCATION
994,Cambridge,LOCATION
995,England,LOCATION
996,NY,LOCATION
997,USA,LOCATION
998,Michigan,LOCATION
999,England,LOCATION
1000,United,LOCATION
1001,States,LOCATION
1002,North,LOCATION
1003,West,LOCATION
1004,England,LOCATION
1005,Montana,LOCATION
1006,USA,LOCATION
1007,Massachusetts,LOCATION
1008,United,LOCATION
1009,States,LOCATION
1010,Iligan,LOCATION
1011,City,LOCATION
1012,Northern,LOCATION
1013,Mindanao,LOCATION
1014,California,LOCATION
1015,USA,LOCATION
1016,Florence,LOCATION
1017,Tuscany,LOCATION
1018,Chicago,LOCATION
1019,Ohio,LOCATION
1020,USA,LOCATION
1021,India,LOCATION
1022,London,LOCATION
1023,Lynchburg,LOCATION
1024,VA,LOCATION
1025,Kenya,LOCATION
1026,New,LOCATION
1027,Smyrna,LOCATION
1028,Beach,LOCATION
1029,USA,LOCATION
1030,Seattle,LOCATION
1031,WA,LOCATION
1032,Clearwater,LOCATION
1033,Beach,LOCATION
1034,Nashville,LOCATION
1035,Illinois,LOCATION
1036,USA,LOCATION
1037,Vaughan,LOCATION
1038,Ontario,LOCATION
1039,West,LOCATION
1040,Coast,LOCATION
1041,Cambridge,LOCATION
1042,UK,LOCATION
1043,United,LOCATION
1044,States,LOCATION
1045,Pittsburgh,LOCATION
1046,PA,LOCATION
1047,Hill,LOCATION
1048,Valley,LOCATION
1049,CA,LOCATION
1050,Poland,LOCATION
1051,ChicagoFlorida,LOCATION
1052,USA,LOCATION
1053,UK,LOCATION
1054,Wakefield,LOCATION
1055,England,LOCATION
1056,USA,LOCATION
1057,Woodstock,LOCATION
1058,Alabama,LOCATION
1059,MIAMI,LOCATION
1060,Phoenix,LOCATION
1061,Lagos,LOCATION
1062,Nigeria,LOCATION
1063,Nevada,LOCATION
1064,USA,LOCATION
1065,Chicago,LOCATION
1066,Santiago,LOCATION
1067,Srinagar,LOCATION
1068,Washington,LOCATION
1069,DC,LOCATION
1070,India,LOCATION
1071,Ontario,LOCATION
1072,Strathcona,LOCATION
1073,County,LOCATION
1074,Alberta,LOCATION
1075,Chicago,LOCATION
1076,Northern,LOCATION
1077,Virginia,LOCATION
1078,CHILE,LOCATION
1079,Canada,LOCATION
1080,Europe,LOCATION
1081,Africa,LOCATION
1082,Asia,LOCATION
1083,Richmond,LOCATION
1084,VA,LOCATION
1085,London,LOCATION
1086,England,LOCATION
1087,Santa,LOCATION
1088,Cruz,LOCATION
1089,California,LOCATION
1090,India,LOCATION
1091,Portland,LOCATION
1092,Illinois,LOCATION
1093,Tennessee,LOCATION
1094,San,LOCATION
1095,Juan,LOCATION
1096,Puerto,LOCATION
1097,Rico,LOCATION
1098,Fort,LOCATION
1099,Wayne,LOCATION
1100,Statesville,LOCATION
1101,NC,LOCATION
1102,Paris,LOCATION
1103,France,LOCATION
1104,United,LOCATION
1105,States,LOCATION
1106,Venezuela,LOCATION
1107,Patna,LOCATION
1108,India,LOCATION
1109,Lagos,LOCATION
1110,Nigeria,LOCATION
1111,Ecuador,LOCATION
1112,Nigeria,LOCATION
1113,Lille,LOCATION
1114,France,LOCATION
1115,Chicago,LOCATION
1116,Illinois,LOCATION
1117,Riverview,LOCATION
1118,Bangalore,LOCATION
1119,India,LOCATION
1120,United,LOCATION
1121,States,LOCATION
1122,California,LOCATION
1123,North,LOCATION
1124,Carolina,LOCATION
1125,USA,LOCATION
1126,UK,LOCATION
1127,Chennai,LOCATION
1128,India,LOCATION
1129,Portland,LOCATION
1130,OR,LOCATION
1131,Laredo,LOCATION
1132,TX,LOCATION
1133,Kolkata,LOCATION
1134,India,LOCATION
1135,Virginia,LOCATION
1136,USA,LOCATION
1137,Recife,LOCATION
1138,Brazil,LOCATION
1139,Colorado,LOCATION
1140,Wellington,LOCATION
1141,City,LOCATION
1142,New,LOCATION
1143,Zealand,LOCATION
1144,Los,LOCATION
1145,Angeles,LOCATION
1146,CA,LOCATION
1147,United,LOCATION
1148,Kingdom,LOCATION
1149,North,LOCATION
1150,America,LOCATION
1151,New,LOCATION
1152,Brunswick,LOCATION
1153,Canada,LOCATION
1154,Madrid,LOCATION
1155,New,LOCATION
1156,York,LOCATION
1157,USA,LOCATION
1158,Pennsylvania,LOCATION
1159,USA,LOCATION
1160,Selangor,LOCATION
1161,Malaysia,LOCATION
1162,Chicago,LOCATION
1163,United,LOCATION
1164,States,LOCATION
1165,MANCHESTERUK,LOCATION
1166,Windhoek,LOCATION
1167,Namibia,LOCATION
1168,United,LOCATION
1169,States,LOCATION
1170,Harlingen,LOCATION
1171,TX,LOCATION
1172,England,LOCATION
1173,Australia,LOCATION
1174,Bangalore,LOCATION
1175,Texas,LOCATION
1176,Paris,LOCATION
1177,Neptune,LOCATION
1178,Louisville,LOCATION
1179,KY,LOCATION
1180,India,LOCATION
1181,California,LOCATION
1182,West,LOCATION
1183,Coast,LOCATION
1184,East,LOCATION
1185,London,LOCATION
1186,Venezuela,LOCATION
1187,Bahia,LOCATION
1188,Brasil,LOCATION
1189,New,LOCATION
1190,England,LOCATION
1191,Stony,LOCATION
1192,Brook,LOCATION
1193,NY,LOCATION
1194,London,LOCATION
1195,England,LOCATION
1196,Lexington,LOCATION
1197,Oxfordshire,LOCATION
1198,Michigan,LOCATION
1199,USA,LOCATION
1200,Paris,LOCATION
1201,France,LOCATION
1202,Southwest,LOCATION
1203,USA,LOCATION
1204,United,LOCATION
1205,States,LOCATION
1206,United,LOCATION
1207,States,LOCATION
1208,Columbia,LOCATION
1209,Canada,LOCATION
1210,Michigan,LOCATION
1211,USA,LOCATION
1212,San,LOCATION
1213,Diego,LOCATION
1214,California,LOCATION
1215,Texas,LOCATION
1216,USA,LOCATION
1217,Dallas,LOCATION
1218,Vienna,LOCATION
1219,VA,LOCATION
1220,Scotland,LOCATION
1221,United,LOCATION
1222,Kingdom,LOCATION
1223,Statesville,LOCATION
1224,NC,LOCATION
1225,Abuja,LOCATION
1226,Nigeria,LOCATION
1227,Brasilia,LOCATION
1228,Cordoba,LOCATION
1229,Manila,LOCATION
1230,Philippines,LOCATION
1231,USA,LOCATION
1232,South,LOCATION
1233,Dakota,LOCATION
1234,USA,LOCATION
1235,Washington,LOCATION
1236,DC,LOCATION
1237,Portimão,LOCATION
1238,Portugal,LOCATION
1239,UK,LOCATION
1240,Marseille,LOCATION
1241,France,LOCATION
1242,United,LOCATION
1243,States,LOCATION
1244,Texas,LOCATION
1245,USA,LOCATION
1246,Texas,LOCATION
1247,USA,LOCATION
1248,Scotland,LOCATION
1249,Nigeria,LOCATION
1250,Amsterdam,LOCATION
1251,United,LOCATION
1252,States,LOCATION
1253,South,LOCATION
1254,Africa,LOCATION
1255,San,LOCATION
1256,Diego,LOCATION
1257,"California,",LOCATION
1258,USA,LOCATION
1259,Nova,LOCATION
1260,Scotia,LOCATION
1261,"Illinois,",LOCATION
1262,USA,LOCATION
1263,Argentina,LOCATION
1264,Lebanon,LOCATION
1265,Small,LOCATION
1266,Town,LOCATION
1267,America,LOCATION
1268,Miami,LOCATION
1269,Waterloo,LOCATION
1270,Madrid,LOCATION
1271,United,LOCATION
1272,States,LOCATION
1273,India,LOCATION
1274,Edinburgh,LOCATION
1275,India,LOCATION
1276,Texas,LOCATION
1277,Birmingham,LOCATION
1278,New,LOCATION
1279,York,LOCATION
1280,United,LOCATION
1281,Kingdom.,LOCATION
1282,Canada,LOCATION
1283,Puerto,LOCATION
1284,Rico,LOCATION
1285,England,LOCATION
1286,England,LOCATION
1287,Bogotá,LOCATION
1288,Nigeria,LOCATION
1289,Columbia,LOCATION
1290,Puerto,LOCATION
1291,"Rico,",LOCATION
1292,USA,LOCATION
1293,"Washington,",LOCATION
1294,D.C.,LOCATION
1295,"California,",LOCATION
1296,USA,LOCATION
1297,United,LOCATION
1298,States,LOCATION
1299,of,LOCATION
1300,America,LOCATION
1301,United,LOCATION
1302,States,LOCATION
1303,Portugal,LOCATION
1304,USA,LOCATION
1305,Rio,LOCATION
1306,de,LOCATION
1307,"Janeiro,",LOCATION
1308,Brasil,LOCATION
1309,Chesapeake,LOCATION
1310,Bay,LOCATION
1311,Indonesia,LOCATION
1312,Venezuela,LOCATION
1313,Subang,LOCATION
1314,East,LOCATION
1315,"Gwillimbury,",LOCATION
1316,Ontario,LOCATION
1317,United,LOCATION
1318,States,LOCATION
1319,France,LOCATION
1320,Trinidad,LOCATION
1321,Atlanta,LOCATION
1322,California,LOCATION
1323,Maryland,LOCATION
1324,Oregon,LOCATION
1325,Canada,LOCATION
1326,London,LOCATION
1327,Poland,LOCATION
1328,England,LOCATION
1329,Nigeria,LOCATION
1330,Chicago,LOCATION
1331,Michigan,LOCATION
1332,"Florida,",LOCATION
1333,USA,LOCATION
1334,Virginia,LOCATION
1335,United,LOCATION
1336,Kingdom,LOCATION
1337,Newtown,LOCATION
1338,California,LOCATION
1339,Ontario,LOCATION
1340,France,LOCATION
1341,N.Y.,LOCATION
1342,France,LOCATION
1343,"Hamilton,",LOCATION
1344,Ontario,LOCATION
1345,England,LOCATION
1346,England,LOCATION
1347,Albania,LOCATION
1348,Nigeria,LOCATION
1349,England,LOCATION
1350,California,LOCATION
1351,England,LOCATION
1352,United,LOCATION
1353,States,LOCATION
1354,Dublin,LOCATION
1355,Ireland,LOCATION
1356,"California,",LOCATION
1357,USA,LOCATION
1358,Texas,LOCATION
1359,England,LOCATION
1360,United,LOCATION
1361,States,LOCATION
1362,"Virginia,",LOCATION
1363,USA,LOCATION
1364,Nigeria,LOCATION
1365,Argentina,LOCATION
1366,Ankara,LOCATION
1367,"Montana,",LOCATION
1368,USA,LOCATION
1369,Oregon,LOCATION
1370,Canada,LOCATION
1371,Kansas,LOCATION
1372,France,LOCATION
1373,Oxford,LOCATION
1374,UK,LOCATION
1375,Namibia,LOCATION
1376,"Virginia,",LOCATION
1377,USA,LOCATION
1378,Middletown,LOCATION
1379,Ohio,LOCATION
1380,Thailand,LOCATION
1381,Buenos,LOCATION
1382,Aires,LOCATION
1383,Glasgow,LOCATION
1384,Alberta,LOCATION
1385,Maine,LOCATION
1386,United,LOCATION
1387,States,LOCATION
1388,Argentina,LOCATION
1389,India,LOCATION
1390,England,LOCATION
1391,Hamburg,LOCATION
1392,Guerrero,LOCATION
1393,Canada,LOCATION
1394,Delhi,LOCATION
1395,PARIS,LOCATION
1396,USA,LOCATION
1397,England,LOCATION
1398,Dominican,LOCATION
1399,Republic,LOCATION
1400,"California,",LOCATION
1401,USA,LOCATION
1402,N.Y.,LOCATION
1403,U.S.A.,LOCATION
1404,England,LOCATION
1405,Springfield,LOCATION
1406,United,LOCATION
1407,States,LOCATION
1408,UK,LOCATION
1409,England,LOCATION
1410,"Montana,",LOCATION
1411,USA,LOCATION
1412,Massachusetts,LOCATION
1413,United,LOCATION
1414,States,LOCATION
1415,Iligan,LOCATION
1416,"City,",LOCATION
1417,Northern,LOCATION
1418,Mindanao,LOCATION
1419,"California,",LOCATION
1420,USA,LOCATION
1421,Tuscany,LOCATION
1422,Ghana,LOCATION
1423,Ireland,LOCATION
1424,India,LOCATION
1425,London,LOCATION
1426,"Washington,",LOCATION
1427,USA,LOCATION
1428,San,LOCATION
1429,Francisco,LOCATION
1430,Kenya,LOCATION
1431,United,LOCATION
1432,States,LOCATION
1433,USA,LOCATION
1434,N.C.,LOCATION
1435,"Georgia,",LOCATION
1436,USA,LOCATION
1437,Clearwater,LOCATION
1438,Beach,LOCATION
1439,Toronto,LOCATION
1440,North,LOCATION
1441,Yorkshire,LOCATION
1442,Sacramento,LOCATION
1443,"Illinois,",LOCATION
1444,USA,LOCATION
1445,Ontario,LOCATION
1446,USA,LOCATION
1447,"Hamilton,",LOCATION
1448,Ontario,LOCATION
1449,West,LOCATION
1450,Coast,LOCATION
1451,France,LOCATION
1452,United,LOCATION
1453,States,LOCATION
1454,England,LOCATION
1455,Poland,LOCATION
1456,United,LOCATION
1457,States,LOCATION
1458,Canada,LOCATION
1459,ChicagoFlorida,LOCATION
1460,USA,LOCATION
1461,U.K.,LOCATION
1462,Spain,LOCATION
1463,England,LOCATION
1464,USA,LOCATION
1465,Alabama,LOCATION
1466,MIAMI,LOCATION
1467,Colorado,LOCATION
1468,Nigeria,LOCATION
1469,"Nevada,",LOCATION
1470,USA,LOCATION
1471,Ottawa,LOCATION
1472,Santiago,LOCATION
1473,Nigeria,LOCATION
1474,India,LOCATION
1475,Srinagar,LOCATION
1476,Pernambuco,LOCATION
1477,Argentina,LOCATION
1478,Philly,LOCATION
1479,Wisconsin,LOCATION
1480,Hawaii,LOCATION
1481,West,LOCATION
1482,Midlands,LOCATION
1483,Washington,LOCATION
1484,DC,LOCATION
1485,Turkey,LOCATION
1486,India,LOCATION
1487,Ontario,LOCATION
1488,Alberta,LOCATION
1489,Northern,LOCATION
1490,Virginia,LOCATION
1491,CHILE,LOCATION
1492,England,LOCATION
1493,Ohio,LOCATION
1494,Santa,LOCATION
1495,"Cruz,",LOCATION
1496,California,LOCATION
1497,Toronto,LOCATION
1498,California,LOCATION
1499,India,LOCATION
1500,Washington,LOCATION
1501,DC,LOCATION
1502,Illinois,LOCATION
1503,Tennessee,LOCATION
1504,Indiana,LOCATION
1505,Puerto,LOCATION
1506,Rico,LOCATION
1507,Fort,LOCATION
1508,Wayne,LOCATION
1509,New,LOCATION
1510,Jersey,LOCATION
1511,United,LOCATION
1512,States,LOCATION
1513,Santa,LOCATION
1514,France,LOCATION
1515,United,LOCATION
1516,States,LOCATION
1517,Venezuela,LOCATION
1518,India,LOCATION
1519,Argentina,LOCATION
1520,France,LOCATION
1521,Venezuela,LOCATION
1522,Nigeria,LOCATION
1523,Ecuador,LOCATION
1524,Nigeria,LOCATION
1525,France,LOCATION
1526,India,LOCATION
1527,Lagos,LOCATION
1528,Nigeria,LOCATION
1529,Illinois,LOCATION
1530,Chicago,LOCATION
1531,Embu,LOCATION
1532,-,LOCATION
1533,São,LOCATION
1534,Paulo,LOCATION
1535,Bangalore,LOCATION
1536,India,LOCATION
1537,United,LOCATION
1538,States,LOCATION
1539,Ecuador,LOCATION
1540,California,LOCATION
1541,Mexico,LOCATION
1542,City,LOCATION
1543,Canada,LOCATION
1544,Venezuela,LOCATION
1545,WA,LOCATION
1546,State,LOCATION
1547,Born,LOCATION
1548,UK,LOCATION
1549,India,LOCATION
1550,India,LOCATION
1551,"Virginia,",LOCATION
1552,USA,LOCATION
1553,Brazil,LOCATION
1554,S.C.,LOCATION
1555,Colorado,LOCATION
1556,Wellington,LOCATION
1557,New,LOCATION
1558,Zealand,LOCATION
1559,Ankara,LOCATION
1560,Columbia,LOCATION
1561,United,LOCATION
1562,Kingdom,LOCATION
1563,North,LOCATION
1564,America,LOCATION
1565,Salta,LOCATION
1566,England,LOCATION
1567,Africa,LOCATION
1568,Canada,LOCATION
1569,Madrid,LOCATION
1570,"Pennsylvania,",LOCATION
1571,USA,LOCATION
1572,Groningen,LOCATION
1573,"California,",LOCATION
1574,USA,LOCATION
1575,Malaysia,LOCATION
1576,United,LOCATION
1577,Kingdom,LOCATION
1578,Chicago,LOCATION
1579,Canada,LOCATION
1580,United,LOCATION
1581,States,LOCATION
1582,Namibia,LOCATION
1583,Lombardia,LOCATION
1584,"California,",LOCATION
1585,USA,LOCATION
1586,Scotland,LOCATION
1587,USA,LOCATION
1588,United,LOCATION
1589,States,LOCATION
1590,"Nevada,",LOCATION
1591,USA,LOCATION
1592,England,LOCATION
1593,Scotland,LOCATION
1594,England,LOCATION
1595,Australia,LOCATION
1596,Bangalore,LOCATION
1597,Texas,LOCATION
1598,Neptune,LOCATION
1599,Minneapolis,LOCATION
1600,India,LOCATION
1601,California,LOCATION
1602,West,LOCATION
1603,Coast,LOCATION
1604,Cambridge,LOCATION
1605,London,LOCATION
1606,East,LOCATION
1607,London,LOCATION
1608,New,LOCATION
1609,England,LOCATION
1610,England,LOCATION
1611,Pakistan,LOCATION
1612,Venezuela,LOCATION
1613,Nicaragua,LOCATION
1614,Oxfordshire,LOCATION
1615,"Michigan,",LOCATION
1616,USA,LOCATION
1617,Brooklyn,LOCATION
1618,France,LOCATION
1619,Southwest,LOCATION
1620,U.S.A.,LOCATION
1621,Canada,LOCATION
1622,United,LOCATION
1623,States,LOCATION
1624,United,LOCATION
1625,States,LOCATION
1626,Canada,LOCATION
1627,"Michigan,",LOCATION
1628,USA,LOCATION
1629,California,LOCATION
1630,Oklahoma,LOCATION
1631,United,LOCATION
1632,Kingdom,LOCATION
1633,Nigeria,LOCATION
1634,Brasilia,LOCATION
1635,Cordoba,LOCATION
1636,"Manila,",LOCATION
1637,Philippines,LOCATION
1638,Kenya,LOCATION
1639,"Florida,",LOCATION
1640,USA,LOCATION
1641,USA,LOCATION
1642,South,LOCATION
1643,"Dakota,",LOCATION
1644,USA,LOCATION
1645,Washington,LOCATION
1646,Portugal,LOCATION
1647,UK,LOCATION
1648,France,LOCATION
1649,United,LOCATION
1650,States,LOCATION
1651,United,LOCATION
1652,States,LOCATION
1653,TEXAS,LOCATION
1654,USA,LOCATION
1655,Buenos,LOCATION
1656,Aires,LOCATION
1657,Bay,LOCATION
1658,Area,LOCATION
1659,USA,LOCATION
1660,Connecticut,LOCATION
1661,USA,LOCATION
1662,Philadelphia,LOCATION
1663,USA,LOCATION
1664,Glasgow,LOCATION
1665,Scotland,LOCATION
1666,England,LOCATION
1667,United,LOCATION
1668,Kingdom,LOCATION
1669,Cambridgeshire,LOCATION
1670,Lake,LOCATION
1671,Goodwin,LOCATION
1672,WA,LOCATION
1673,Mexico,LOCATION
1674,New,LOCATION
1675,Jersey,LOCATION
1676,USA,LOCATION
1677,Kelowna,LOCATION
1678,Fayette,LOCATION
1679,County,LOCATION
1680,TX,LOCATION
1681,Milan,LOCATION
1682,Lombardy,LOCATION
1683,Kelowna,LOCATION
1684,West,LOCATION
1685,Kelowna,LOCATION
1686,Dallas,LOCATION
1687,Coimbatore,LOCATION
1688,India,LOCATION
1689,Toronto,LOCATION
1690,Bay,LOCATION
1691,California,LOCATION
1692,USA,LOCATION
1693,Guatemala,LOCATION
1694,Northampton,LOCATION
1695,England,LOCATION
1696,PLUTO,LOCATION
1697,United,LOCATION
1698,Kingdom,LOCATION
1699,Milano,LOCATION
1700,Italy,LOCATION
1701,Pennsylvania,LOCATION
1702,USA,LOCATION
1703,Gotham,LOCATION
1704,Birmingham,LOCATION
1705,England,LOCATION
1706,Shenandoah,LOCATION
1707,Iowa,LOCATION
1708,Idaho,LOCATION
1709,United,LOCATION
1710,States,LOCATION
1711,Washington,LOCATION
1712,DC,LOCATION
1713,Lexington,LOCATION
1714,Nottinghamshire,LOCATION
1715,England,LOCATION
1716,UK,LOCATION
1717,Germany,LOCATION
1718,Los,LOCATION
1719,Angeles,LOCATION
1720,CA,LOCATION
1721,Lakewood,LOCATION
1722,CA,LOCATION
1723,San,LOCATION
1724,Antonio,LOCATION
1725,TX,LOCATION
1726,Arizona,LOCATION
1727,USA,LOCATION
1728,San,LOCATION
1729,Francisco,LOCATION
1730,CA,LOCATION
1731,Salford,LOCATION
1732,England,LOCATION
1733,Nigeria,LOCATION
1734,Dublin,LOCATION
1735,Ireland,LOCATION
1736,Colorado,LOCATION
1737,USA,LOCATION
1738,Iowa,LOCATION
1739,City,LOCATION
1740,IA,LOCATION
1741,India,LOCATION
1742,Washington,LOCATION
1743,DC,LOCATION
1744,USA,LOCATION
1745,Alberta,LOCATION
1746,Scotland,LOCATION
1747,France,LOCATION
1748,Srinagar,LOCATION
1749,India,LOCATION
1750,Hillsboro,LOCATION
1751,OR,LOCATION
1752,India,LOCATION
1753,New,LOCATION
1754,York,LOCATION
1755,NY,LOCATION
1756,Bandung,LOCATION
1757,Phoenix,LOCATION
1758,Morelos,LOCATION
1759,Cuernavaca,LOCATION
1760,United,LOCATION
1761,States,LOCATION
1762,Washington,LOCATION
1763,DC,LOCATION
1764,Knightdale,LOCATION
1765,NC,LOCATION
1766,United,LOCATION
1767,Kingdom,LOCATION
1768,Purple,LOCATION
1769,Mountains,LOCATION
1770,Majesty,LOCATION
1771,Bengaluru,LOCATION
1772,India,LOCATION
1773,Los,LOCATION
1774,Angeles,LOCATION
1775,CA,LOCATION
1776,Malawi,LOCATION
1777,Brasília,LOCATION
1778,Brasil,LOCATION
1779,Pomerol,LOCATION
1780,France,LOCATION
1781,Stockbridge,LOCATION
1782,USA,LOCATION
1783,Trivandrum,LOCATION
1784,India,LOCATION
1785,United,LOCATION
1786,States,LOCATION
1787,Toronto,LOCATION
1788,Ontario,LOCATION
1789,Minnesota,LOCATION
1790,USA,LOCATION
1791,India,LOCATION
1792,United,LOCATION
1793,States,LOCATION
1794,South,LOCATION
1795,Carolina,LOCATION
1796,USA,LOCATION
1797,Ventura,LOCATION
1798,CA,LOCATION
1799,Georgia,LOCATION
1800,USA,LOCATION
1801,USA,LOCATION
1802,New,LOCATION
1803,York,LOCATION
1804,United,LOCATION
1805,States,LOCATION
1806,New,LOCATION
1807,England,LOCATION
1808,Nigeria,LOCATION
1809,San,LOCATION
1810,Luis,LOCATION
1811,Obispo,LOCATION
1812,CA,LOCATION
1813,USA,LOCATION
1814,New,LOCATION
1815,York,LOCATION
1816,USA,LOCATION
1817,Santa,LOCATION
1818,Cruz,LOCATION
1819,CA,LOCATION
1820,USA,LOCATION
1821,Boston,LOCATION
1822,Wyoming,LOCATION
1823,USA,LOCATION
1824,Philadelphia,LOCATION
1825,São,LOCATION
1826,Paulo,LOCATION
1827,Brasil,LOCATION
1828,Heidelberg,LOCATION
1829,Germany,LOCATION
1830,Lausanne,LOCATION
1831,Suisse,LOCATION
1832,Los,LOCATION
1833,Angeles,LOCATION
1834,Philadelphia,LOCATION
1835,Rajasthan,LOCATION
1836,India,LOCATION
1837,West,LOCATION
1838,Columbia,LOCATION
1839,Texas,LOCATION
1840,Phoenix,LOCATION
1841,Florida,LOCATION
1842,Madrid,LOCATION
1843,Beaverton,LOCATION
1844,OR,LOCATION
1845,Newark,LOCATION
1846,UK,LOCATION
1847,Nigeria,LOCATION
1848,Modesto,LOCATION
1849,California,LOCATION
1850,Paris,LOCATION
1851,France,LOCATION
1852,Glasgow,LOCATION
1853,Scotland,LOCATION
1854,Murcia,LOCATION
1855,Hunedoara,LOCATION
1856,Atlanta,LOCATION
1857,Venezuela,LOCATION
1858,Estado,LOCATION
1859,Zulia,LOCATION
1860,Cincinnati,LOCATION
1861,Ohio,LOCATION
1862,Horowpothana,LOCATION
1863,Sri,LOCATION
1864,Lanka,LOCATION
1865,Hartford,LOCATION
1866,CT,LOCATION
1867,United,LOCATION
1868,States,LOCATION
1869,Paris,LOCATION
1870,San,LOCATION
1871,Francisco,LOCATION
1872,New,LOCATION
1873,York,LOCATION
1874,NY,LOCATION
1875,London,LOCATION
1876,England,LOCATION
1877,Canada,LOCATION
1878,Brazil,LOCATION
1879,Johannesburg,LOCATION
1880,South,LOCATION
1881,Africa,LOCATION
1882,Washington,LOCATION
1883,DC,LOCATION
1884,San,LOCATION
1885,Antonio,LOCATION
1886,TX,LOCATION
1887,Vosloorus,LOCATION
1888,South,LOCATION
1889,Africa,LOCATION
1890,New,LOCATION
1891,York,LOCATION
1892,City,LOCATION
1893,West,LOCATION
1894,Coast,LOCATION
1895,Trivandrum,LOCATION
1896,India,LOCATION
1897,United,LOCATION
1898,Kingdom,LOCATION
1899,Texas,LOCATION
1900,USA,LOCATION
1901,Santiago,LOCATION
1902,Chile,LOCATION
1903,America,LOCATION
1904,Berkhamsted,LOCATION
1905,England,LOCATION
1906,Arizona,LOCATION
1907,USA,LOCATION
1908,Panna,LOCATION
1909,India,LOCATION
1910,Ohio,LOCATION
1911,USA,LOCATION
1912,Denver,LOCATION
1913,Tennessee,LOCATION
1914,USA,LOCATION
1915,Noida,LOCATION
1916,India,LOCATION
1917,Lagos,LOCATION
1918,Nigeria,LOCATION
1919,Kansas,LOCATION
1920,Ecuador,LOCATION
1921,Yermo,LOCATION
1922,Thailand,LOCATION
1923,Panama,LOCATION
1924,Minneapolis,LOCATION
1925,Chicago,LOCATION
1926,Texas,LOCATION
1927,USA,LOCATION
1928,Napoli,LOCATION
1929,Campania,LOCATION
1930,Colorado,LOCATION
1931,USA,LOCATION
1932,Oeiras,LOCATION
1933,Portugal,LOCATION
1934,United,LOCATION
1935,States,LOCATION
1936,Charleston,LOCATION
1937,TEXAS,LOCATION
1938,USA,LOCATION
1939,Tempe,LOCATION
1940,Fort,LOCATION
1941,Worth,LOCATION
1942,Texas,LOCATION
1943,Scotland,LOCATION
1944,Michigan,LOCATION
1945,USA,LOCATION
1946,Miami,LOCATION
1947,Buenos,LOCATION
1948,Aires,LOCATION
1949,Argentina,LOCATION
1950,Midwest,LOCATION
1951,USA,LOCATION
1952,Oregon,LOCATION
1953,USA,LOCATION
1954,Beaverton,LOCATION
1955,OR,LOCATION
1956,Michigan,LOCATION
1957,USA,LOCATION
1958,Edinburgh,LOCATION
1959,Scotland,LOCATION
1960,Stillorgan,LOCATION
1961,Dun,LOCATION
1962,Laoghaire,LOCATION
1963,IE,LOCATION
1964,Pueblo,LOCATION
1965,Colorado,LOCATION
1966,Brooklyn,LOCATION
1967,Cranford,LOCATION
1968,Donegal,LOCATION
1969,Ireland,LOCATION
1970,Vegas,LOCATION
1971,USA,LOCATION
1972,United,LOCATION
1973,States,LOCATION
1974,Brooklyn,LOCATION
1975,NY,LOCATION
1976,Virginia,LOCATION
1977,USA,LOCATION
1978,East,LOCATION
1979,Tennessee,LOCATION
1980,Pittsburgh,LOCATION
1981,PA,LOCATION
1982,Nigeria,LOCATION
1983,Fresno,LOCATION
1984,Vimercate,LOCATION
1985,Lombardia,LOCATION
1986,Chicago,LOCATION
1987,USA,LOCATION
1988,Louisiana,LOCATION
1989,USA,LOCATION
1990,Richmond,LOCATION
1991,Fort,LOCATION
1992,Worth,LOCATION
1993,TX,LOCATION
1994,United,LOCATION
1995,States,LOCATION
1996,Portsmouth,LOCATION
1997,Texas,LOCATION
1998,LA,LOCATION
1999,United,LOCATION
2000,Kingdom,LOCATION
2001,Worcester,LOCATION
2002,UK,LOCATION
2003,Dallas,LOCATION
2004,Jodhpur,LOCATION
2005,India,LOCATION
2006,Hockeytown,LOCATION
2007,USA,LOCATION
2008,Australia,LOCATION
2009,USA,LOCATION
2010,South,LOCATION
2011,Earth,LOCATION
2012,Portland,LOCATION
2013,OR,LOCATION
2014,Lagos,LOCATION
2015,Nigeria,LOCATION
2016,Texas,LOCATION
2017,USA,LOCATION
2018,North,LOCATION
2019,West,LOCATION
2020,England,LOCATION
2021,California,LOCATION
2022,USA,LOCATION
2023,Kozhikode,LOCATION
2024,India,LOCATION
2025,Honolulu,LOCATION
2026,Hawaii,LOCATION
2027,Pune,LOCATION
2028,India,LOCATION
2029,Lincolnshire,LOCATION
2030,England,LOCATION
2031,Natural,LOCATION
2032,State,LOCATION
2033,USA,LOCATION
2034,Pacific,LOCATION
2035,NW,LOCATION
2036,Alabama,LOCATION
2037,California,LOCATION
2038,USA,LOCATION
2039,San,LOCATION
2040,Sivar,LOCATION
2041,Sivarland,LOCATION
2042,Athens,LOCATION
2043,Hong,LOCATION
2044,Kong,LOCATION
2045,London,LOCATION
2046,Athens,LOCATION
2047,Nairobi,LOCATION
2048,Kenya,LOCATION
2049,San,LOCATION
2050,Francisco,LOCATION
2051,CA,LOCATION
2052,Chicago,LOCATION
2053,Cancún,LOCATION
2054,Ireland,LOCATION
2055,New,LOCATION
2056,York,LOCATION
2057,City,LOCATION
2058,London,LOCATION
2059,Los,LOCATION
2060,Angeles,LOCATION
2061,CA,LOCATION
2062,Peoples,LOCATION
2063,Republic,LOCATION
2064,China,LOCATION
2065,Fairfield,LOCATION
2066,CA,LOCATION
2067,United,LOCATION
2068,Arab,LOCATION
2069,Emirates,LOCATION
2070,France,LOCATION
2071,Siloam,LOCATION
2072,Springs,LOCATION
2073,Oklahoma,LOCATION
2074,Buenos,LOCATION
2075,Aires,LOCATION
2076,Texas,LOCATION
2077,Surrey,LOCATION
2078,British,LOCATION
2079,Columbia,LOCATION
2080,Toronto,LOCATION
2081,Canada,LOCATION
2082,PPCC,LOCATION
2083,CATALONIA,LOCATION
2084,Oregon,LOCATION
2085,USA,LOCATION
2086,United,LOCATION
2087,States,LOCATION
2088,Sacramento,LOCATION
2089,CA,LOCATION
2090,Africa,LOCATION
2091,Bursa,LOCATION
2092,Tennessee,LOCATION
2093,USA,LOCATION
2094,Glasgow,LOCATION
2095,Scotland,LOCATION
2096,San,LOCATION
2097,Francisco,LOCATION
2098,CA,LOCATION
2099,Amsterdam,LOCATION
2100,Miami,LOCATION
2101,Beach,LOCATION
2102,Waterloo,LOCATION
2103,Madrid,LOCATION
2104,Houston,LOCATION
2105,TX,LOCATION
2106,United,LOCATION
2107,States,LOCATION
2108,Oregon,LOCATION
2109,USA,LOCATION
2110,Texas,LOCATION
2111,New,LOCATION
2112,York,LOCATION
2113,Colorado,LOCATION
2114,USA,LOCATION
2115,Worthing,LOCATION
2116,UK,LOCATION
2117,South,LOCATION
2118,East,LOCATION
2119,England,LOCATION
2120,São,LOCATION
2121,Paulo,LOCATION
2122,Brasil,LOCATION
2123,New,LOCATION
2124,Hampshire,LOCATION
2125,USA,LOCATION
2126,England,LOCATION
2127,Vancouver,LOCATION
2128,British,LOCATION
2129,Columbia,LOCATION
2130,Puerto,LOCATION
2131,Rico,LOCATION
2132,USA,LOCATION
2133,Washington,LOCATION
2134,DC,LOCATION
2135,California,LOCATION
2136,USA,LOCATION
2137,Phoenix,LOCATION
2138,San,LOCATION
2139,Diego,LOCATION
2140,CA,LOCATION
2141,West,LOCATION
2142,Hartford,LOCATION
2143,Chesapeake,LOCATION
2144,Bay,LOCATION
2145,Subang,LOCATION
2146,Oregon,LOCATION
2147,Hobart,LOCATION
2148,Boca,LOCATION
2149,Raton,LOCATION
2150,FL,LOCATION
2151,England,LOCATION
2152,United,LOCATION
2153,Kingdom,LOCATION
2154,Toulouse,LOCATION
2155,France,LOCATION
2156,France,LOCATION
2157,London,LOCATION
2158,England,LOCATION
2159,United,LOCATION
2160,States,LOCATION
2161,Dublin,LOCATION
2162,City,LOCATION
2163,Ireland,LOCATION
2164,California,LOCATION
2165,USA,LOCATION
2166,North,LOCATION
2167,Carolina,LOCATION
2168,USA,LOCATION
2169,Nigeria,LOCATION
2170,Amherst,LOCATION
2171,France,LOCATION
2172,Oxford,LOCATION
2173,UK,LOCATION
2174,Alagoas,LOCATION
2175,Brasil,LOCATION
2176,Virginia,LOCATION
2177,USA,LOCATION
2178,Middletown,LOCATION
2179,Ohio,LOCATION
2180,San,LOCATION
2181,Antonio,LOCATION
2182,TX,LOCATION
2183,Thailand,LOCATION
2184,Glasgow,LOCATION
2185,Omaha,LOCATION
2186,England,LOCATION
2187,Hamburg,LOCATION
2188,ADOS,LOCATION
2189,USA,LOCATION
2190,Halifax,LOCATION
2191,Nova,LOCATION
2192,Scotia,LOCATION
2193,Canada,LOCATION
2194,Carmel,LOCATION
2195,USA,LOCATION
2196,California,LOCATION
2197,USA,LOCATION
2198,Toledo,LOCATION
2199,CastillaLa,LOCATION
2200,Mancha,LOCATION
2201,Springfield,LOCATION
2202,Ghana,LOCATION
2203,Dublin,LOCATION
2204,Ireland,LOCATION
2205,Detroit,LOCATION
2206,USA,LOCATION
2207,Burnsville,LOCATION
2208,Washington,LOCATION
2209,USA,LOCATION
2210,San,LOCATION
2211,Francisco,LOCATION
2212,United,LOCATION
2213,States,LOCATION
2214,Washington,LOCATION
2215,DC,LOCATION
2216,Georgia,LOCATION
2217,USA,LOCATION
2218,Toronto,LOCATION
2219,Iowa,LOCATION
2220,USA,LOCATION
2221,Sacramento,LOCATION
2222,Baltimore,LOCATION
2223,USA,LOCATION
2224,Hamilton,LOCATION
2225,Ontario,LOCATION
2226,Watford,LOCATION
2227,England,LOCATION
2228,United,LOCATION
2229,States,LOCATION
2230,Denver,LOCATION
2231,Colorado,LOCATION
2232,Ottawa,LOCATION
2233,Nigeria,LOCATION
2234,Jaipur,LOCATION
2235,India,LOCATION
2236,Recife,LOCATION
2237,Pernambuco,LOCATION
2238,Philly,LOCATION
2239,Honolulu,LOCATION
2240,Hawaii,LOCATION
2241,West,LOCATION
2242,Midlands,LOCATION
2243,Turkey,LOCATION
2244,Cincinnati,LOCATION
2245,Texas,LOCATION
2246,USA,LOCATION
2247,Los,LOCATION
2248,Angeles,LOCATION
2249,CA,LOCATION
2250,Cleveland,LOCATION
2251,Ohio,LOCATION
2252,Sturbridge,LOCATION
2253,MA,LOCATION
2254,Toronto,LOCATION
2255,California,LOCATION
2256,Washington,LOCATION
2257,DC,LOCATION
2258,San,LOCATION
2259,Francisco,LOCATION
2260,CA,LOCATION
2261,New,LOCATION
2262,Jersey,LOCATION
2263,United,LOCATION
2264,States,LOCATION
2265,Orlando,LOCATION
2266,Spokane,LOCATION
2267,WA,LOCATION
2268,Salta,LOCATION
2269,Argentina,LOCATION
2270,Paris,LOCATION
2271,France,LOCATION
2272,Venezuela,LOCATION
2273,San,LOCATION
2274,Francisco,LOCATION
2275,CA,LOCATION
2276,Andhra,LOCATION
2277,Pradesh,LOCATION
2278,India,LOCATION
2279,Lagos,LOCATION
2280,Nigeria,LOCATION
2281,Chicago,LOCATION
2282,Embu,LOCATION
2283,São,LOCATION
2284,Paulo,LOCATION
2285,Berlin,LOCATION
2286,Deutschland,LOCATION
2287,Mexico,LOCATION
2288,City,LOCATION
2289,Park,LOCATION
2290,View,LOCATION
2291,DC,LOCATION
2292,Guanta,LOCATION
2293,Venezuela,LOCATION
2294,Brooklyn,LOCATION
2295,NY,LOCATION
2296,Ankara,LOCATION
2297,Columbia,LOCATION
2298,Bristol,LOCATION
2299,England,LOCATION
2300,California,LOCATION
2301,USA,LOCATION
2302,Surrey,LOCATION
2303,United,LOCATION
2304,Kingdom,LOCATION
2305,Canada,LOCATION
2306,FL,LOCATION
2307,USA,LOCATION
2308,Brescia,LOCATION
2309,Lombardia,LOCATION
2310,California,LOCATION
2311,USA,LOCATION
2312,Scotland,LOCATION
2313,USA,LOCATION
2314,Nevada,LOCATION
2315,USA,LOCATION
2316,Lancashire,LOCATION
2317,England,LOCATION
2318,Scotland,LOCATION
2319,Minneapolis,LOCATION
2320,São,LOCATION
2321,Paulo,LOCATION
2322,Brasil,LOCATION
2323,Karachi,LOCATION
2324,Pakistan,LOCATION
2325,Venezuela,LOCATION
2326,Nicaragua,LOCATION
2327,Chicago,LOCATION
2328,Missouri,LOCATION
2329,USA,LOCATION
2330,Brooklyn,LOCATION
2331,Vermont,LOCATION
2332,USA,LOCATION
2333,London,LOCATION
2334,Ontario,LOCATION
2335,Canada,LOCATION
2336,Miami,LOCATION
2337,Oklahoma,LOCATION
2338,New,LOCATION
2339,Delhi,LOCATION
2340,Delhi,LOCATION
2341,Fayetteville,LOCATION
2342,NC,LOCATION
2343,Florida,LOCATION
2344,USA,LOCATION
2345,United,LOCATION
2346,States,LOCATION
